Frequency_Hz,THD_%
100000,0.059909
500000,0.062721
1000000,0.062094
2000000,0.060046
3000000,0.057847
5000000,0.048599
